<?xml version="1.0" encoding="UTF-8"?>
<project-private xmlns="http://www.netbeans.org/ns/project-private/1">
    <editor-bookmarks xmlns="http://www.netbeans.org/ns/editor-bookmarks/2" lastBookmarkId="0"/>
    <open-files xmlns="http://www.netbeans.org/ns/projectui-open-files/2">
        <group>
            <file>file:/home/brapastor/Documentos/proyectos%20java/sistema/src/c_categoria.java</file>
            <file>file:/home/brapastor/Documentos/proyectos%20java/sistema/src/c_film.java</file>
            <file>file:/home/brapastor/Documentos/proyectos%20java/sistema/src/f_pelicula.java</file>
            <file>file:/home/brapastor/Documentos/proyectos%20java/sistema/src/conexiondb.java</file>
        </group>
    </open-files>
</project-private>
